id;reason;date;nested_timeslots
1;onto brr;2025-03-08T22:19:18;engrave
2;stick because;2025-03-09T09:44:40;offensively
3;mandate;2025-03-09T01:37:25;opposite characterization beside
4;underneath;2025-03-09T04:24:40;psst
5;so;2025-03-08T20:36:20;prioritize
6;helplessly milk accidentally;2025-03-08T10:36:26;triangular
7;next negative;2025-03-08T23:11:11;a
8;aw er;2025-03-09T05:29:26;gadzooks yippee barring
9;hunger quick-witted;2025-03-09T02:17:07;walk sympathetically
10;through violet;2025-03-08T20:33:44;bakery pish
